ds,y
30-05-2016,1069.5449
31-05-2016,1059.2362
01-06-2016,1084.5743
02-06-2016,1099.9890
03-06-2016,1099.0255
06-06-2016,1100.2781
07-06-2016,1106.2513
08-06-2016,1095.8944
09-06-2016,1072.7723
10-06-2016,1082.2140
13-06-2016,1080.9614
14-06-2016,1074.2657
15-06-2016,1082.1658
16-06-2016,1067.0399
17-06-2016,1072.4352
20-06-2016,1081.9731
21-06-2016,1076.3370
22-06-2016,1067.8107
23-06-2016,1062.4154
24-06-2016,1059.7660
27-06-2016,1057.8875
28-06-2016,1066.7026
29-06-2016,1070.0265
30-06-2016,1069.0631
01-07-2016,1092.1372
04-07-2016,1102.5421
05-07-2016,1097.4360
07-07-2016,1081.9249
08-07-2016,1080.7688
11-07-2016,1108.2264
12-07-2016,1121.3289
13-07-2016,1123.2557
14-07-2016,1111.3093
15-07-2016,1110.2976
18-07-2016,1109.1898
19-07-2016,1116.7045
20-07-2016,1143.1023
21-07-2016,1144.4030
22-07-2016,1160.5884
25-07-2016,1160.1067
26-07-2016,1143.0541
27-07-2016,1146.2816
28-07-2016,1151.7729
29-07-2016,1154.6633
01-08-2016,1132.3600
02-08-2016,1138.1887
03-08-2016,1129.8069
04-08-2016,1108.6599
05-08-2016,1140.8383
08-08-2016,1149.2682
09-08-2016,1141.3201
10-08-2016,1117.4752
11-08-2016,1132.9381
12-08-2016,1150.3762
16-08-2016,1215.7444
17-08-2016,1227.5463
18-08-2016,1228.9434
19-08-2016,1252.4508
22-08-2016,1255.9192
23-08-2016,1266.2279
24-08-2016,1298.5505
25-08-2016,1288.8683
26-08-2016,1283.0397
29-08-2016,1255.6301
30-08-2016,1265.9869
31-08-2016,1274.1278
01-09-2016,1269.6478
02-09-2016,1266.6613
06-09-2016,1281.1609
07-09-2016,1269.3590
08-09-2016,1282.8470
09-09-2016,1275.7175
12-09-2016,1256.3046
14-09-2016,1262.2777
15-09-2016,1288.8683
16-09-2016,1293.4926
19-09-2016,1295.3231
20-09-2016,1287.5194
21-09-2016,1280.6311
22-09-2016,1280.3903
23-09-2016,1286.1224
26-09-2016,1283.6176
27-09-2016,1271.5266
28-09-2016,1270.0814
29-09-2016,1247.6820
30-09-2016,1243.5873
03-10-2016,1252.2582
04-10-2016,1251.1503
05-10-2016,1236.9877
06-10-2016,1222.9701
07-10-2016,1225.1377
10-10-2016,1218.3939
13-10-2016,1200.9076
14-10-2016,1189.4430
17-10-2016,1179.7606
18-10-2016,1232.7489
19-10-2016,1221.5731
20-10-2016,1210.3010
21-10-2016,1227.8835
24-10-2016,1219.9834
25-10-2016,1230.8701
26-10-2016,1228.7506
27-10-2016,1229.5212
28-10-2016,1233.0861
01-11-2016,1240.5044
02-11-2016,1220.9950
03-11-2016,1213.5767
04-11-2016,1208.0852
07-11-2016,1220.4652
08-11-2016,1199.5107
09-11-2016,1205.8210
10-11-2016,1209.6749
11-11-2016,1176.3887
15-11-2016,1119.0167
16-11-2016,1110.8759
17-11-2016,1124.3156
18-11-2016,1140.8864
21-11-2016,1127.1094
22-11-2016,1136.2137
23-11-2016,1134.6240
24-11-2016,1105.6733
25-11-2016,1112.8026
28-11-2016,1123.5447
29-11-2016,1131.4928
30-11-2016,1131.0594
01-12-2016,1108.2744
02-12-2016,1094.3048
05-12-2016,1090.9327
06-12-2016,1112.0317
07-12-2016,1118.2941
08-12-2016,1118.5350
09-12-2016,1119.0167
12-12-2016,1107.6002
13-12-2016,1117.9087
14-12-2016,1128.9399
15-12-2016,1109.8641
16-12-2016,1109.4788
19-12-2016,1119.7393
20-12-2016,1099.3146
21-12-2016,1106.5885
22-12-2016,1067.7142
23-12-2016,829.9895
26-12-2016,734.4179
27-12-2016,759.6115
28-12-2016,794.4392
29-12-2016,760.3822
30-12-2016,755.0352
02-01-2017,768.6675
03-01-2017,749.3991
04-01-2017,724.7837
05-01-2017,736.0557
06-01-2017,710.4287
09-01-2017,707.2976
10-01-2017,712.3073
11-01-2017,713.0298
12-01-2017,711.2957
13-01-2017,718.9068
16-01-2017,711.0067
17-01-2017,711.3920
18-01-2017,712.2109
19-01-2017,705.4189
20-01-2017,688.2700
23-01-2017,661.9202
24-01-2017,658.0666
25-01-2017,648.6732
27-01-2017,682.5858
30-01-2017,675.4563
31-01-2017,674.4930
01-02-2017,668.3270
02-02-2017,710.6696
03-02-2017,732.5392
06-02-2017,727.6740
07-02-2017,710.9104
08-02-2017,712.2592
09-02-2017,729.3600
10-02-2017,722.6641
13-02-2017,713.3190
14-02-2017,698.0005
15-02-2017,683.5491
16-02-2017,706.3823
17-02-2017,721.1226
20-02-2017,729.0709
21-02-2017,734.5143
22-02-2017,723.5313
23-02-2017,722.1343
27-02-2017,739.0424
28-02-2017,731.0941
01-03-2017,736.8746
02-03-2017,724.0611
03-03-2017,730.7568
06-03-2017,729.9861
07-03-2017,727.3849
08-03-2017,746.1235
09-03-2017,732.1057
10-03-2017,733.4545
14-03-2017,743.6186
15-03-2017,739.3314
16-03-2017,742.9924
17-03-2017,735.8630
20-03-2017,761.7310
21-03-2017,611.2441
22-03-2017,604.0667
23-03-2017,599.7794
24-03-2017,600.6465
27-03-2017,611.3405
28-03-2017,609.9436
29-03-2017,603.8258
30-03-2017,600.1648
31-03-2017,601.0319
03-04-2017,604.3557
05-04-2017,608.6430
06-04-2017,605.1747
07-04-2017,599.2977
10-04-2017,634.0292
11-04-2017,634.8962
12-04-2017,626.8998
13-04-2017,625.1657
17-04-2017,616.4948
18-04-2017,609.0283
19-04-2017,610.1844
20-04-2017,607.8241
21-04-2017,607.7758
24-04-2017,611.6296
25-04-2017,623.5760
26-04-2017,619.9631
27-04-2017,606.6198
28-04-2017,605.4155
02-05-2017,603.8258
03-05-2017,601.8990
04-05-2017,603.9704
05-05-2017,603.0551
08-05-2017,604.0186
09-05-2017,608.9319
10-05-2017,614.0381
11-05-2017,611.9667
12-05-2017,602.9587
15-05-2017,601.4172
16-05-2017,599.6831
17-05-2017,597.1782
18-05-2017,589.9525
19-05-2017,588.6519
22-05-2017,573.4780
23-05-2017,554.9321
24-05-2017,536.8197
25-05-2017,529.6422
26-05-2017,525.3549
29-05-2017,548.6698
30-05-2017,566.4931
31-05-2017,560.8572
01-06-2017,579.9811
02-06-2017,595.8294
05-06-2017,607.7758
06-06-2017,607.1978
07-06-2017,622.1791
08-06-2017,626.9961
09-06-2017,627.0925
12-06-2017,621.3121
13-06-2017,621.9382
14-06-2017,620.1077
15-06-2017,633.3065
16-06-2017,617.9400
19-06-2017,621.6973
20-06-2017,620.8785
21-06-2017,621.0229
22-06-2017,617.0248
23-06-2017,615.2424
27-06-2017,618.3253
28-06-2017,617.5546
29-06-2017,614.0863
30-06-2017,623.5760
03-07-2017,645.7829
04-07-2017,631.0906
05-07-2017,628.6339
06-07-2017,633.1140
07-07-2017,655.1282
10-07-2017,708.5018
11-07-2017,708.3091
12-07-2017,705.2262
13-07-2017,703.0584
14-07-2017,708.9835
17-07-2017,704.1664
18-07-2017,708.1165
19-07-2017,727.9630
20-07-2017,717.4616
21-07-2017,694.8693
24-07-2017,662.7392
25-07-2017,650.7927
26-07-2017,653.9720
27-07-2017,636.0523
28-07-2017,649.6366
31-07-2017,648.2878
01-08-2017,643.3262
02-08-2017,644.5787
03-08-2017,645.5421
04-08-2017,657.1996
07-08-2017,659.0300
08-08-2017,649.0585
09-08-2017,615.6759
10-08-2017,603.1996
11-08-2017,604.2594
14-08-2017,615.6759
16-08-2017,633.2102
17-08-2017,622.0828
18-08-2017,611.9667
21-08-2017,599.3941
22-08-2017,606.1862
23-08-2017,615.0497
24-08-2017,648.7696
28-08-2017,669.4832
29-08-2017,662.3057
30-08-2017,676.9015
31-08-2017,670.9283
01-09-2017,685.9095
04-09-2017,683.1637
05-09-2017,697.5187
06-09-2017,673.2405
07-09-2017,670.8801
08-09-2017,681.4296
11-09-2017,693.2797
12-09-2017,775.6524
13-09-2017,797.9557
14-09-2017,838.2267
15-09-2017,846.3649
18-09-2017,812.7404
19-09-2017,841.3456
20-09-2017,918.8771
21-09-2017,965.7565
22-09-2017,945.6306
25-09-2017,928.5258
26-09-2017,935.7868
27-09-2017,829.1628
28-09-2017,831.4044
29-09-2017,834.0359
03-10-2017,833.8896
04-10-2017,849.6786
05-10-2017,841.4431
06-10-2017,842.6613
09-10-2017,857.2320
10-10-2017,863.6645
11-10-2017,837.6420
12-10-2017,861.3741
13-10-2017,850.5558
16-10-2017,851.5304
17-10-2017,860.0584
18-10-2017,855.0391
19-10-2017,857.5244
23-10-2017,851.2867
24-10-2017,847.6806
25-10-2017,848.4603
26-10-2017,836.8135
27-10-2017,848.9964
30-10-2017,850.7507
31-10-2017,860.1071
01-11-2017,900.2130
02-11-2017,1045.6758
03-11-2017,1023.1133
06-11-2017,1022.4311
07-11-2017,991.1943
08-11-2017,990.8044
09-11-2017,983.8359
10-11-2017,990.6095
13-11-2017,975.0155
14-11-2017,998.0655
15-11-2017,989.9273
16-11-2017,980.4247
17-11-2017,994.7516
20-11-2017,1020.9692
21-11-2017,1015.7062
22-11-2017,999.0887
23-11-2017,1011.7589
24-11-2017,1019.8970
27-11-2017,1014.7801
28-11-2017,1006.9832
29-11-2017,1020.7741
30-11-2017,1014.5853
01-12-2017,1008.7376
04-12-2017,1008.2014
05-12-2017,997.6755
06-12-2017,994.1182
07-12-2017,994.5081
08-12-2017,1023.7467
11-12-2017,1018.1913
12-12-2017,1036.3682
13-12-2017,1015.7548
14-12-2017,1033.9316
15-12-2017,1023.3082
18-12-2017,1025.8423
19-12-2017,1030.7155
20-12-2017,1032.9083
21-12-2017,1058.5896
22-12-2017,1062.2932
26-12-2017,1060.0028
27-12-2017,1094.9431
28-12-2017,1085.9767
29-12-2017,1070.4800
01-01-2018,1071.1624
02-01-2018,1053.4729
03-01-2018,1071.5034
04-01-2018,1078.4720
05-01-2018,1079.5441
08-01-2018,1087.8771
09-01-2018,1061.6597
10-01-2018,1051.9135
11-01-2018,1073.5989
12-01-2018,1066.0455
15-01-2018,1050.9875
16-01-2018,1065.0222
17-01-2018,1079.4467
18-01-2018,1062.7319
19-01-2018,1070.4313
22-01-2018,1050.5002
23-01-2018,1073.4039
24-01-2018,1074.9147
25-01-2018,1091.8733
29-01-2018,1072.4780
30-01-2018,1052.4983
31-01-2018,1013.0259
01-02-2018,1017.3143
02-02-2018,1002.1588
05-02-2018,1008.3964
06-02-2018,977.7445
07-02-2018,987.5394
08-02-2018,1003.7670
09-02-2018,990.7557
12-02-2018,1010.1995
14-02-2018,1024.0391
15-02-2018,1021.5052
16-02-2018,1019.1174
19-02-2018,990.9993
20-02-2018,988.1730
21-02-2018,981.2044
22-02-2018,993.3871
23-02-2018,1023.4544
26-02-2018,1009.0786
27-02-2018,1009.2736
28-02-2018,999.8685
01-03-2018,992.6074
05-03-2018,986.4186
06-03-2018,987.9780
07-03-2018,965.6591
08-03-2018,977.2571
09-03-2018,973.3586
12-03-2018,988.0755
13-03-2018,1009.1760
14-03-2018,1028.0839
15-03-2018,1057.0303
16-03-2018,1059.5643
19-03-2018,1060.3926
20-03-2018,1066.6304
21-03-2018,1058.3947
22-03-2018,1041.6799
23-03-2018,1011.3690
26-03-2018,1028.4249
27-03-2018,1060.0515
28-03-2018,1062.5369
02-04-2018,1062.6831
03-04-2018,1081.0547
04-04-2018,1068.9207
05-04-2018,1090.3137
06-04-2018,1085.9767
09-04-2018,1101.1808
10-04-2018,1114.6306
11-04-2018,1094.1635
12-04-2018,1092.3605
13-04-2018,1116.4337
16-04-2018,1143.4796
17-04-2018,1150.5944
18-04-2018,1145.0876
19-04-2018,1149.8146
20-04-2018,1163.9467
23-04-2018,1148.5476
24-04-2018,1148.3527
25-04-2018,1131.3942
26-04-2018,1141.5302
27-04-2018,1158.5375
30-04-2018,1167.1143
02-05-2018,1158.6351
03-05-2018,1167.9425
04-05-2018,1161.7051
07-05-2018,1177.8351
08-05-2018,1180.5153
09-05-2018,1164.9701
10-05-2018,1160.0969
11-05-2018,1170.2330
14-05-2018,1142.8949
15-05-2018,1120.6733
16-05-2018,1135.5852
17-05-2018,1136.3160
18-05-2018,1127.2032
21-05-2018,1109.6600
22-05-2018,1093.1401
23-05-2018,1065.6069
24-05-2018,1100.0599
25-05-2018,1119.6986
28-05-2018,1064.4374
29-05-2018,1039.6819
30-05-2018,1024.8677
31-05-2018,1020.8715
01-06-2018,1026.5244
04-06-2018,1020.5793
05-06-2018,1009.1274
06-06-2018,1027.6941
07-06-2018,1032.4696
08-06-2018,1025.4036
11-06-2018,998.6014
12-06-2018,1037.1479
13-06-2018,1013.9031
14-06-2018,1057.2251
15-06-2018,1073.0140
18-06-2018,1072.4780
19-06-2018,1064.1450
20-06-2018,1055.5684
21-06-2018,1029.4482
22-06-2018,1017.7527
25-06-2018,1006.6421
26-06-2018,1016.5345
27-06-2018,993.8258
28-06-2018,974.7719
29-06-2018,1012.2462
02-07-2018,1023.7467
03-07-2018,1058.2485
04-07-2018,1074.3300
05-07-2018,1050.1592
06-07-2018,1046.7479
09-07-2018,1067.7998
10-07-2018,1063.1703
11-07-2018,1093.7249
12-07-2018,1078.2770
13-07-2018,1080.1777
16-07-2018,1042.8982
17-07-2018,1047.3815
18-07-2018,1057.6637
19-07-2018,1050.8414
20-07-2018,1062.9268
23-07-2018,1053.2778
24-07-2018,1056.0068
25-07-2018,1069.1156
26-07-2018,1048.4047
27-07-2018,1075.0121
30-07-2018,1127.2520
31-07-2018,1120.2834
01-08-2018,1134.2206
02-08-2018,1169.8431
03-08-2018,1177.4452
06-08-2018,1162.4360
07-08-2018,1133.0022
08-08-2018,1103.2274
09-08-2018,1086.6587
10-08-2018,1095.7716
13-08-2018,1091.7756
14-08-2018,1125.2542
16-08-2018,1134.8541
17-08-2018,1144.9415
20-08-2018,1215.0658
21-08-2018,1216.0404
23-08-2018,1261.3118
24-08-2018,1267.9880
27-08-2018,1265.0642
28-08-2018,1248.3979
29-08-2018,1244.3533
30-08-2018,1267.8417
31-08-2018,1282.6234
03-09-2018,1264.1586
04-09-2018,1241.1266
05-09-2018,1255.2699
06-09-2018,1293.5256
07-09-2018,1290.0880
10-09-2018,1256.0066
11-09-2018,1222.4652
12-09-2018,1248.8857
14-09-2018,1305.8521
17-09-2018,1340.3754
18-09-2018,1355.2063
19-09-2018,1366.3540
21-09-2018,1363.2111
24-09-2018,1337.4780
25-09-2018,1363.6530
26-09-2018,1360.6573
27-09-2018,1341.5541
28-09-2018,1287.5344
01-10-2018,1296.0792
03-10-2018,1285.8156
04-10-2018,1261.0156
05-10-2018,1258.8058
08-10-2018,1254.6805
09-10-2018,1225.8047
10-10-2018,1274.6188
11-10-2018,1228.6528
12-10-2018,1259.4442
15-10-2018,1276.5831
16-10-2018,1284.2931
17-10-2018,1278.0073
19-10-2018,1262.3416
22-10-2018,1269.0205
23-10-2018,1227.4252
24-10-2018,1218.8802
25-10-2018,1230.6664
26-10-2018,1233.4165
29-10-2018,1414.4807
30-10-2018,1459.2678
31-10-2018,1458.0402
01-11-2018,1478.7150
02-11-2018,1472.5272
05-11-2018,1440.3118
06-11-2018,1451.4595
07-11-2018,1470.8084
09-11-2018,1521.3413
12-11-2018,1484.8044
13-11-2018,1503.3184
14-11-2018,1477.0452
15-11-2018,1503.5149
16-11-2018,1530.9175
19-11-2018,1534.4043
20-11-2018,1506.9525
21-11-2018,1511.1758
22-11-2018,1502.0416
26-11-2018,1479.2061
27-11-2018,1496.0012
28-11-2018,1453.7185
29-11-2018,1430.5884
30-11-2018,1413.6948
03-12-2018,1430.7848
04-12-2018,1466.4868
05-12-2018,1453.9641
06-12-2018,1433.3876
07-12-2018,1465.2101
10-12-2018,1446.4014
11-12-2018,1451.7051
12-12-2018,1501.6487
13-12-2018,1494.8717
14-12-2018,1464.8171
17-12-2018,1456.6650
18-12-2018,1469.7280
19-12-2018,1489.1260
20-12-2018,1485.6392
21-12-2018,1448.5131
24-12-2018,1421.3558
26-12-2018,1429.8517
27-12-2018,1444.9281
28-12-2018,1441.0485
31-12-2018,1456.2231
01-01-2019,1449.1514
02-01-2019,1444.6825
03-01-2019,1412.2708
04-01-2019,1434.4679
07-01-2019,1459.5134
08-01-2019,1432.8473
09-01-2019,1446.9906
10-01-2019,1493.3492
11-01-2019,1478.3220
14-01-2019,1503.1710
15-01-2019,1495.0681
16-01-2019,1492.7109
17-01-2019,1478.5184
18-01-2019,1482.2507
21-01-2019,1470.5137
22-01-2019,1476.8488
23-01-2019,1476.5050
24-01-2019,1466.6342
25-01-2019,1468.6968
28-01-2019,1447.1870
29-01-2019,1477.9783
30-01-2019,1476.3577
31-01-2019,1479.3533
01-02-2019,1505.0372
04-02-2019,1580.7629
05-02-2019,1587.3436
06-02-2019,1623.7823
07-02-2019,1640.3811
08-02-2019,1655.0646
11-02-2019,1605.8575
12-02-2019,1608.9023
14-02-2019,1608.2639
15-02-2019,1592.4508
18-02-2019,1546.6815
19-02-2019,1559.5480
20-02-2019,1532.7346
21-02-2019,1522.3726
22-02-2019,1537.1052
25-02-2019,1566.3250
26-02-2019,1592.5491
27-02-2019,1609.2461
28-02-2019,1624.7644
01-03-2019,1640.0374
05-03-2019,1634.0460
06-03-2019,1675.4939
07-03-2019,1621.4742
08-03-2019,1618.0366
11-03-2019,1660.5157
12-03-2019,1669.6499
13-03-2019,1637.2872
14-03-2019,1664.2970
15-03-2019,1677.5564
18-03-2019,1659.2389
19-03-2019,1665.7703
20-03-2019,1645.4883
22-03-2019,1633.9969
25-03-2019,1675.3466
26-03-2019,1677.4092
27-03-2019,1636.2069
28-03-2019,1625.0592
01-04-2019,1692.5837
02-04-2019,1668.7660
03-04-2019,1645.9304
04-04-2019,1670.7303
05-04-2019,1688.3604
08-04-2019,1654.4261
09-04-2019,1685.2665
10-04-2019,1691.8472
11-04-2019,1687.7710
12-04-2019,1701.2268
15-04-2019,1713.7496
16-04-2019,1684.0388
18-04-2019,1693.6150
22-04-2019,1671.1724
23-04-2019,1656.8816
24-04-2019,1711.6378
25-04-2019,1685.7085
26-04-2019,1691.6506
30-04-2019,1715.7139
02-05-2019,1683.7441
03-05-2019,1671.5652
06-05-2019,1664.4443
07-05-2019,1659.0425
08-05-2019,1638.7605
09-05-2019,1596.5762
10-05-2019,1620.9340
13-05-2019,1596.1832
14-05-2019,1588.5221
15-05-2019,1580.1737
16-05-2019,1611.0632
17-05-2019,1603.5985
20-05-2019,1630.1173
21-05-2019,1666.2614
22-05-2019,1650.2518
23-05-2019,1701.5706
24-05-2019,1734.1790
27-05-2019,1565.0481
28-05-2019,1589.0133
29-05-2019,1560.7756
30-05-2019,1557.1907
31-05-2019,1563.9187
03-06-2019,1587.4418
04-06-2019,1558.0747
06-06-2019,1552.1816
07-06-2019,1538.3330
10-06-2019,1533.2257
11-06-2019,1528.0692
12-06-2019,1507.1980
13-06-2019,1518.9841
14-06-2019,1495.1665
17-06-2019,1513.0419
18-06-2019,1515.4974
19-06-2019,1512.9438
20-06-2019,1574.4280
21-06-2019,1518.1984
24-06-2019,1548.2040
25-06-2019,1573.8386
26-06-2019,1569.4679
27-06-2019,1573.2494
28-06-2019,1568.4857
01-07-2019,1581.4996
02-07-2019,1588.4240
03-07-2019,1601.5360
04-07-2019,1590.9285
05-07-2019,1582.0889
08-07-2019,1547.5654
09-07-2019,1576.4905
10-07-2019,1594.5134
11-07-2019,1579.9773
12-07-2019,1584.3971
15-07-2019,1585.6248
16-07-2019,1619.2151
17-07-2019,1622.5054
18-07-2019,1612.6346
19-07-2019,1595.4465
22-07-2019,1596.3796
23-07-2019,1590.2410
24-07-2019,1575.5083
25-07-2019,1612.4873
26-07-2019,1636.9926
29-07-2019,1623.7823
30-07-2019,1628.8896
31-07-2019,1604.6299
01-08-2019,1586.5577
02-08-2019,1570.3029
05-08-2019,1549.4316
06-08-2019,1587.1963
07-08-2019,1604.7772
08-08-2019,1621.5725
09-08-2019,1635.2737
13-08-2019,1497.2289
14-08-2019,1520.5549
16-08-2019,1496.1372
19-08-2019,1506.8571
20-08-2019,1510.8772
21-08-2019,1521.7460
22-08-2019,1556.8839
23-08-2019,1559.9609
26-08-2019,1608.0521
27-08-2019,1581.7484
28-08-2019,1564.9735
29-08-2019,1603.0396
30-08-2019,1613.3625
03-09-2019,1627.3084
04-09-2019,1651.1306
05-09-2019,1626.8618
06-09-2019,1625.4722
09-09-2019,1615.0996
11-09-2019,1604.5781
12-09-2019,1632.9662
13-09-2019,1616.2906
16-09-2019,1632.6189
17-09-2019,1589.5403
18-09-2019,1604.1810
19-09-2019,1570.6809
20-09-2019,1625.8195
23-09-2019,1599.7639
24-09-2019,1617.5811
25-09-2019,1621.3528
26-09-2019,1662.6448
27-09-2019,1648.1528
30-09-2019,1653.1655
01-10-2019,1610.5337
03-10-2019,1616.2906
04-10-2019,1610.2358
07-10-2019,1634.4551
09-10-2019,1638.3759
10-10-2019,1654.8033
11-10-2019,1677.4344
14-10-2019,1671.2307
15-10-2019,1680.5610
16-10-2019,1707.4603
17-10-2019,1710.1899
18-10-2019,1725.1285
22-10-2019,1728.2552
23-10-2019,1722.4982
24-10-2019,1750.9857
25-10-2019,1746.1219
29-10-2019,1741.3574
30-10-2019,1723.7389
31-10-2019,1742.0524
01-11-2019,1730.2405
04-11-2019,1722.2997
05-11-2019,1674.9529
06-11-2019,1692.7203
07-11-2019,1705.2767
08-11-2019,1687.3604
11-11-2019,1697.8820
13-11-2019,1660.1136
14-11-2019,1644.2322
15-11-2019,1734.7567
18-11-2019,1723.0938
19-11-2019,1719.8678
20-11-2019,1750.5389
21-11-2019,1734.1116
22-11-2019,1720.5129
25-11-2019,1750.9857
26-11-2019,1771.0360
27-11-2019,1797.9353
28-11-2019,1779.7213
29-11-2019,1772.9716
02-12-2019,1771.8302
03-12-2019,1781.8553
04-12-2019,1795.9999
05-12-2019,1788.1583
06-12-2019,1770.6390
09-12-2019,1792.9229
10-12-2019,1800.2184
11-12-2019,1808.3080
12-12-2019,1815.6035
13-12-2019,1828.3584
16-12-2019,1846.8702
17-12-2019,1831.7333
18-12-2019,1824.2391
19-12-2019,1815.4546
20-12-2019,1804.5361
23-12-2019,1794.7094
24-12-2019,1803.4443
26-12-2019,1802.5509
27-12-2019,1816.5962
30-12-2019,1835.5050
31-12-2019,1832.1302
01-01-2020,1805.3798
02-01-2020,1812.3777
03-01-2020,1821.2118
06-01-2020,1824.7354
07-01-2020,1830.2444
08-01-2020,1820.3679
09-01-2020,1829.7480
10-01-2020,1852.4785
13-01-2020,1864.9354
14-01-2020,1859.7740
15-01-2020,1852.4288
16-01-2020,1884.9363
17-01-2020,1889.2540
20-01-2020,1877.9880
21-01-2020,1856.9452
22-01-2020,1841.4110
23-01-2020,1883.3977
24-01-2020,1896.3511
27-01-2020,1904.1429
28-01-2020,1932.3326
29-01-2020,1946.7749
30-01-2020,1944.6407
31-01-2020,1937.8416
03-02-2020,1958.1400
04-02-2020,1946.7749
05-02-2020,1948.1149
06-02-2020,2008.0179
07-02-2020,2070.5017
10-02-2020,2073.4795
11-02-2020,2131.0002
12-02-2020,2106.0862
13-02-2020,2139.8345
14-02-2020,2130.5537
17-02-2020,2138.8916
18-02-2020,2159.1404
19-02-2020,2169.6619
20-02-2020,2153.2842
24-02-2020,2144.4500
25-02-2020,2116.0000
26-02-2020,2142.1001
27-02-2020,2156.5500
28-02-2020,2106.9500
02-03-2020,2109.2500
03-03-2020,2183.1001
04-03-2020,2174.8000
05-03-2020,2223.7500
06-03-2020,2240.0500
09-03-2020,2181.7500
11-03-2020,2149.2000
12-03-2020,1912.8500
13-03-2020,1962.7000
16-03-2020,1891.9000
17-03-2020,1895.3000
18-03-2020,1805.2500
19-03-2020,1870.9500
20-03-2020,1994.9000
23-03-2020,1851.7500
24-03-2020,1919.9500
25-03-2020,1928.0500
26-03-2020,1883.3000
27-03-2020,1862.5500
30-03-2020,1893.9000
31-03-2020,1989.0500
01-04-2020,1877.0000
03-04-2020,1901.0500
07-04-2020,2067.8501
08-04-2020,2168.9500
09-04-2020,2310.8999
13-04-2020,2341.2000
15-04-2020,2395.4500
16-04-2020,2393.2000
17-04-2020,2332.2000
20-04-2020,2342.5500
21-04-2020,2406.6001
22-04-2020,2384.5000
23-04-2020,2417.3000
24-04-2020,2425.3999
27-04-2020,2425.8501
28-04-2020,2363.3501
29-04-2020,2369.8501
30-04-2020,2332.8999
04-05-2020,2287.1499
05-05-2020,2284.2500
06-05-2020,2291.3501
07-05-2020,2258.8501
08-05-2020,2300.8000
11-05-2020,2326.8999
12-05-2020,2363.5500
13-05-2020,2339.5000
14-05-2020,2366.6001
15-05-2020,2335.2000
18-05-2020,2330.2000
19-05-2020,2321.7500
20-05-2020,2372.7000
21-05-2020,2357.3501
22-05-2020,2320.0000
26-05-2020,2295.7000
27-05-2020,2290.3999
28-05-2020,2285.1001
29-05-2020,2390.1001
01-06-2020,2480.0500
02-06-2020,2411.0000
03-06-2020,2382.2000
04-06-2020,2421.1499
05-06-2020,2460.0500
08-06-2020,2413.0500
09-06-2020,2421.8000
10-06-2020,2394.6499
11-06-2020,2356.3000
12-06-2020,2395.1001
15-06-2020,2335.0500
16-06-2020,2320.3501
17-06-2020,2300.1001
18-06-2020,2310.4500
19-06-2020,2304.7500
22-06-2020,2349.2500
23-06-2020,2380.0500
24-06-2020,2341.3501
25-06-2020,2330.4500
26-06-2020,2350.7500
29-06-2020,2316.6001
30-06-2020,2278.8999
01-07-2020,2241.2500
02-07-2020,2196.6499
03-07-2020,2190.4500
06-07-2020,2161.1001
07-07-2020,2184.5000
08-07-2020,2163.5000
09-07-2020,2176.3501
10-07-2020,2203.1001
13-07-2020,2235.1499
14-07-2020,2218.1499
15-07-2020,2225.3000
16-07-2020,2204.5000
17-07-2020,2263.3999
20-07-2020,2298.7500
21-07-2020,2282.2500
22-07-2020,2261.7500
23-07-2020,2397.4500
24-07-2020,2349.1001
27-07-2020,2361.8999
28-07-2020,2341.5500
29-07-2020,2423.6499
30-07-2020,2562.3501
31-07-2020,2616.5500
03-08-2020,2641.7500
04-08-2020,2690.5500
05-08-2020,2667.7500
06-08-2020,2738.0500
07-08-2020,2784.8501
10-08-2020,3117.8000
11-08-2020,3131.4500
12-08-2020,3117.0000
13-08-2020,3125.5000
14-08-2020,3089.8000
17-08-2020,3129.5500
18-08-2020,3150.8501
19-08-2020,3159.6001
20-08-2020,3189.3000
21-08-2020,3247.3501
24-08-2020,3240.2000
25-08-2020,3245.8999
26-08-2020,3196.8000
27-08-2020,3268.4500
28-08-2020,3272.8501
31-08-2020,3122.8000
01-09-2020,3231.1001
02-09-2020,3330.7000
03-09-2020,3282.5000
04-09-2020,3223.1499
07-09-2020,3199.1001
08-09-2020,3112.6001
09-09-2020,3157.1001
10-09-2020,3156.5500
11-09-2020,3146.6499
14-09-2020,3164.8000
15-09-2020,3184.9500
16-09-2020,3244.3501
17-09-2020,3211.1499
18-09-2020,3344.3999
21-09-2020,3158.8000
22-09-2020,3236.6001
23-09-2020,3147.5500
24-09-2020,3020.4500
25-09-2020,3060.7500
28-09-2020,3097.1499
29-09-2020,3061.8999
30-09-2020,3047.9500
01-10-2020,3064.8999
05-10-2020,3126.2000
06-10-2020,3162.6001
07-10-2020,3181.8999
08-10-2020,3231.4500
09-10-2020,3190.0000
12-10-2020,3207.2500
13-10-2020,3139.1499
14-10-2020,3130.4500
15-10-2020,3111.3999
16-10-2020,3222.7000
19-10-2020,3093.3999
20-10-2020,3085.7500
21-10-2020,3078.9500
22-10-2020,3093.5000
23-10-2020,3068.8501
26-10-2020,3042.1499
27-10-2020,3156.8501
28-10-2020,3131.4500
29-10-2020,3107.6001
30-10-2020,3142.0500
02-11-2020,3048.6499
03-11-2020,3089.8999
04-11-2020,3196.2000
05-11-2020,3209.0000
06-11-2020,3237.2500
09-11-2020,3423.7500
10-11-2020,3263.3999
11-11-2020,3353.1499
12-11-2020,3367.0500
13-11-2020,3432.9500
17-11-2020,3427.0000
18-11-2020,3451.8000
19-11-2020,3435.0500
20-11-2020,3469.1001
23-11-2020,3546.3000
24-11-2020,3537.0500
25-11-2020,3469.4500
26-11-2020,3544.3000
27-11-2020,3605.1001
01-12-2020,3620.7500
02-12-2020,3639.5500
03-12-2020,3692.3501
04-12-2020,3711.9500
07-12-2020,3717.5500
08-12-2020,3690.0000
09-12-2020,3725.3999
10-12-2020,3732.2500
11-12-2020,3642.1001
14-12-2020,3599.8000
15-12-2020,3628.3999
16-12-2020,3717.8999
17-12-2020,3824.7000
18-12-2020,3832.8999
21-12-2020,3634.1499
22-12-2020,3720.9500
23-12-2020,3688.6001
24-12-2020,3749.6001
28-12-2020,3766.0000
29-12-2020,3784.2000
30-12-2020,3799.7000
31-12-2020,3841.8999
01-01-2021,3849.0500
04-01-2021,3862.2500
05-01-2021,3842.1001
06-01-2021,3879.8501
07-01-2021,3803.0500
08-01-2021,3859.1499
11-01-2021,3822.3999
12-01-2021,3767.5000
13-01-2021,3719.3999
14-01-2021,3724.7000
15-01-2021,3644.8000
18-01-2021,3565.3000
19-01-2021,3599.4500
20-01-2021,3605.7000
21-01-2021,3604.6001
22-01-2021,3544.7000
25-01-2021,3569.0500
27-01-2021,3483.0500
28-01-2021,3429.7500
29-01-2021,3369.8501
01-02-2021,3463.6001
02-02-2021,3548.6001
03-02-2021,3680.2500
04-02-2021,3678.8999
05-02-2021,3822.4500
08-02-2021,3781.8501
09-02-2021,3722.7500
10-02-2021,3750.3501
11-02-2021,3753.8501
12-02-2021,3719.3999
15-02-2021,3711.0500
16-02-2021,3686.5000
17-02-2021,3615.2500
18-02-2021,3587.6499
19-02-2021,3523.2000
22-02-2021,3496.6499
23-02-2021,3448.2500
24-02-2021,3480.0500
25-02-2021,3440.0500
26-02-2021,3363.1001
01-03-2021,3461.5500
02-03-2021,3516.8999
03-03-2021,3565.1499
04-03-2021,3553.4500
05-03-2021,3496.8999
08-03-2021,3507.7000
09-03-2021,3503.2000
10-03-2021,3528.1001
12-03-2021,3512.0500
15-03-2021,3411.0000
16-03-2021,3378.2500
17-03-2021,3378.3000
18-03-2021,3272.8999
19-03-2021,3370.3000
22-03-2021,3405.9500
23-03-2021,3495.9500
24-03-2021,3481.1499
25-03-2021,3450.2000
26-03-2021,3464.9500
